,COMUNE,Shape_Area,Grass_cover,Small_woods_cover,Trees_cover,Trees_mean_density,Non_class_surf,Imper_surf,Perm_surf,Non_cons_surf,Hardwood,Coniferous,Shrubs,Periodic_herb,Permanent_herb,Permanent_water,Wetlands
0,Abbiategrasso,47777744.23820001,0.1423759139001217,0.22875713732967484,0.23645318924386316,0.6886174450306269,0.045200961963233977,0.08644820022075629,0.015214196726743276,0.014672103322942684,0.2057275862794126,0.0011741868707804343,0.0008225587169638337,0.4304765812605232,0.1700708170626292,0.029785834862881215,0.0012286055136330036
1,Albairate,14981838.703300001,0.13606474080854883,0.2887896529714336,0.07993010896160767,0.703216701461378,0.040889507098021596,0.08037731708690435,0.008537002869469412,0.0,0.06945742913189891,4.672323697129467e-05,2.0024244416269145e-05,0.6960227116650992,0.10072194941383379,0.004712372185962006,0.0
2,Arconate,8421043.36362,0.10471386524495176,0.2512634015329932,0.09887135881486372,0.7968760509248141,0.10863261955781568,0.13421139770905474,0.009191260115626295,0.0,0.061987568221665706,0.0010331261370277616,1.1875013069284618e-05,0.27772093065135933,0.4028241933362728,0.005153755672069524,0.0
3,Arese,6584903.11726,0.07634129022830258,0.4957552057893252,0.16390522089398643,0.650811637172241,0.19157457255421464,0.3063370810593435,0.009536966433931574,0.0,0.08536192408460092,0.010448141570931406,0.00013667627054997478,0.15360894184588833,0.24092989247503888,0.002657594149582843,0.0
4,Arluno,12358508.679899998,0.1693570036815264,0.39188385309603463,0.08590842370218661,0.692588301780164,0.11233556054040282,0.18706949680426224,0.04745718235031784,0.0,0.03468055985566279,0.0001941981886458019,4.045795596787539e-05,0.46759687189431665,0.1452036039687048,0.00618197567189136,0.0
5,Assago,8052131.81079,0.1461476324099746,0.29901398245538396,0.06169794678898316,0.666873993558776,0.13703203399147348,0.2672087405619488,0.007935786634090225,0.0,0.03892136981414517,0.00033531492820099547,6.209535707425842e-05,0.3986894496309836,0.14983609662018554,0.0007575633563059527,0.0
6,Baranzate,2772094.51631,0.09992444282481436,0.28653424164530705,0.0631652344354693,0.676276413478013,0.22232286683369348,0.40741756579908067,0.0018397641097709504,0.0,0.04779779304797077,0.001406878436883668,0.0,0.10515514470553569,0.21474736755816604,0.0,0.0
7,Bareggio,11384136.8763,0.1928209423210517,0.3508390704889438,0.07788908457750288,0.6892759670689069,0.10964379764253872,0.1832110789481197,0.018710245872344777,0.0,0.043261953484177475,0.0005358333324943809,0.00020203551880935674,0.5264079363342749,0.11334192605204912,0.0056218579146951435,0.0
8,Basiano,4591508.84377,0.1944676641996527,0.3813996791874026,0.11100926021118039,0.837349421228173,0.14130431238966812,0.19586154151052487,0.004312307930510834,0.0,0.07322211748675465,0.00084939398631274,8.711733192951179e-05,0.34886135571172994,0.23621864552687122,2.1779332982377947e-05,0.0
9,Basiglio,8492284.075899998,0.06872120560076189,0.7160146723372048,0.18291898694349473,0.7511008111239861,0.037304451566691856,0.06628369882225646,0.012682100485267403,0.0,0.12033276217172477,0.007712883767734585,0.0004356896174140147,0.6204926675679484,0.10649667297006349,0.02913232739141277,0.0
10,Bellinzago Lombardo,4590058.00822,0.2944407233154128,0.3526752814672514,0.02394305252857112,0.700218380345769,0.07775500862099212,0.14263436297047782,0.013551026999791846,0.0,0.009934514970908491,0.00028322082153905785,0.0,0.42838238568634573,0.3226103019500284,0.005206905872910371,0.0
11,Bernate Ticino,12161851.4033,0.18585163763690532,0.2743743439501789,0.23340196371991304,0.73293384062566,0.0586506097095096,0.0751694762322076,0.014594817360771001,0.010261595530277301,0.21655419990457794,0.003979657240908825,0.0006413497206423313,0.38338735159474335,0.18511161872847184,0.052697568712778226,0.0
12,Besate,12742413.4885,0.11101507585487422,0.17980895079788478,0.23168295414870613,0.6697110629361149,0.01589180889340593,0.02516006879617749,0.021997402631218185,0.006545070922024961,0.2189538114202595,0.0005571942871268253,0.0002982166607157656,0.5403528936032455,0.12637323388173616,0.04317078554203754,0.0014361486555522396
13,Binasco,3871524.57191,0.07229710022527702,0.38685018580706465,0.08792401899494212,0.65045240893067,0.1390408326233177,0.23228575288528627,0.004494353497391284,0.0,0.054577982413722886,0.0008007181518340792,2.582961780109933e-05,0.4324136316082039,0.13224764314162857,0.005140093942418766,0.0
14,Boffalora Sopra Ticino,7653481.85714,0.2344684463223618,0.3865299552830554,0.13753217419833827,0.6746817404522141,0.09056008924270213,0.09799461395473466,0.014398675277082346,0.01667215032083219,0.11654826086349776,0.0010191439851292405,0.00013065948527297955,0.380767871982517,0.23716003171898517,0.04566549010290635,0.0
15,Bollate,13099145.0313,0.201043655422345,0.4481055813928539,0.14840663229202153,0.7373986625514399,0.1317108861591691,0.219815872953522,0.025719235812336445,0.0,0.09562456152725625,0.0011145765593948119,6.107268818601708e-05,0.32011249512700857,0.2060668840256449,0.0005725564517439102,0.0
16,Bresso,3382452.22245,0.15417808314887704,0.26332966186137063,0.10915157871249359,0.697402491874323,0.1668020604268388,0.4304569301337775,0.0,0.0,0.07305350785443436,0.009105819675906832,0.0015077818294521052,0.04224745557425605,0.2763675400336918,0.0010938809350927038,0.0
17,Bubbiano,2934842.1307900003,0.27009970713028475,0.47062156615156975,0.06218392399555566,0.652071232876712,0.048452350642016515,0.08569455827332739,0.010392381818435329,0.0,0.046850901640487136,0.00010222014903379012,0.0037821455142502346,0.49600623649496095,0.2835246200367225,0.025691330790492583,0.0
18,Buccinasco,12005690.2508,0.1823302079490295,0.5962089517945903,0.09288095700500812,0.6626733028427939,0.1061246769976512,0.19632357246955803,0.005888874235722424,0.0,0.05266669277577494,0.002057357759863421,0.0003498341130132133,0.45680838714246796,0.15622591961132926,0.024271823936202464,0.0
19,Buscate,7832117.53319,0.15804155067318654,0.44148979957807755,0.192004268785214,0.77382763665381,0.08827753121299173,0.13281210293282325,0.019815841545062652,0.0,0.13325898080271836,0.00286001836732863,1.2767939139859954e-05,0.2503282147760943,0.3686997785417359,0.004839048934006923,0.0
20,Bussero,4575130.24844,0.22014673797394704,0.39290684688439953,0.059517431245339335,0.72172236503856,0.08939636202476603,0.14209431528679803,0.024633178484574893,0.0,0.03575854480990641,0.001158436965113105,8.74292049141966e-05,0.43443571921864294,0.270811962221724,0.002338731231454759,0.0
21,Busto Garolfo,12987162.1465,0.13467145326058397,0.4029440720743064,0.11061692953353626,0.715439231518864,0.10742146623432858,0.1627838303820472,0.014368034979088031,0.0,0.06340107182090614,0.0013474845237622752,1.5399823128711716e-05,0.3976927323874157,0.2486917437055655,0.005028042251524375,0.0
22,Calvignasco,1877246.1076299998,0.10211767078426329,0.4701567878674532,0.12827300534611685,0.765589700996678,0.08421911189875861,0.1365830505429583,0.0022373198606880844,0.0,0.06893075951739003,0.0,0.0,0.5659886552335928,0.14308193204305225,0.00037288664344801406,0.0
23,Cambiago,7227402.984450001,0.27189572855256283,0.46450986712974607,0.07975202174835745,0.795433726578765,0.10694021098075203,0.16873280798425036,0.016852526455499544,0.0,0.024586978252399583,0.00044275931574383037,0.0,0.46801043296984574,0.21515335499426758,8.30173717019682e-05,0.0
24,Canegrate,5253813.791170001,0.1572952588058825,0.36249857259898743,0.11018662309139082,0.704710658144757,0.18854874561121393,0.2726971409622312,0.016806838519553998,0.0,0.09777659057185605,0.0008374868571465186,3.8067584415750846e-05,0.2618859469881579,0.15952221249420392,0.002607629532478933,0.0
25,Carpiano,17243486.0325,0.08185699790283982,0.2554529862289898,0.028062771013237113,0.669952469518496,0.046922066598078425,0.06596693950724782,0.00787543770117297,0.0,0.01060110465224167,7.539078800828321e-05,5.799291385252555e-06,0.7252651799310698,0.14270316311690961,0.001003277409648692,0.000417548979738184
26,Carugate,5371173.90821,0.20254417723043974,0.23518136288031208,0.03961889963658202,0.699666353383459,0.17744724268621392,0.3213264045243276,0.007484397393752807,0.0,0.026623602669319686,0.0018059366845622443,0.00029788646343294754,0.3119615988301543,0.154044537402763,0.0,0.0
27,Casarile,7324814.379970002,0.037024829017047484,0.14285686240205933,0.016450928822102587,0.632497925311203,0.06340092402476716,0.08994084570955341,0.011986651872038234,0.0,0.012396218564704688,0.00013652223088881816,4.0956669266645446e-05,0.6853279468387783,0.12998281602924378,0.00744046158344059,0.0
28,Casorezzo,6595109.57149,0.1712632652659352,0.37418635327425837,0.06788363334179653,0.685782890328345,0.10782231777831475,0.14491040514798958,0.016860978395371398,0.0,0.0414246339713621,0.0016224142880438303,7.581375177774909e-05,0.5555176847762786,0.13238597335430544,3.0325500711099632e-05,0.0
29,Cassano d'Adda,18569718.7337,0.22740247499476318,0.5131795552027316,0.11588220752610374,0.7495208885171241,0.09687815016471985,0.14360475989119423,0.043070119233876006,0.000662368675389691,0.08499320978597961,0.001970950692622983,0.0008077666773045012,0.32297204314224975,0.2636335030274611,0.042165420555294965,0.0
30,Cassina de' Pecchi,7146864.26031,0.16464563438468885,0.3467114960838111,0.0573678168587766,0.675909756097561,0.16450571288015525,0.20368373414956367,0.012886770567544696,0.0,0.03290953786630307,0.002574555683418267,1.3992150453360148e-05,0.4695485849138598,0.1083831974117277,0.0062404991021986255,0.0
31,Cassinetta di Lugagnano,3317535.3834399995,0.24090172601906001,0.4889774523875365,0.1445651498983248,0.754647623019183,0.054558574085898225,0.1001044334471094,0.004069285912484122,0.0,0.09473900461435256,0.0009344286169407983,0.0,0.6264891733708888,0.10947886247512838,0.010550000513847723,0.0
32,Castano Primo,19172812.2539,0.13540527939358085,0.3912206462291018,0.2589500139182813,0.7697570899129871,0.07078252173068393,0.12136977972684512,0.022521474381629446,0.00024513879016595274,0.2103968863086036,0.0004954932992716067,0.00024513879016595274,0.3131361179828363,0.2401995043300558,0.021577429253543542,0.0
33,Cernusco sul Naviglio,13310084.4221,0.18769978617504743,0.32435556853657077,0.11163715817856262,0.750032303654351,0.1634550113286768,0.29857060811737524,0.029233473482252314,0.0,0.05943613691033104,0.007543152756664437,0.0003681419174069297,0.23244781189087751,0.1854458560684744,0.024432602355251742,0.0
34,Cerro al Lambro,9963230.14338,0.12404611578918363,0.29198361958274466,0.036534336230490204,0.691678571428571,0.057651985524158164,0.11534411867054764,0.0120543235749502,0.0,0.029679129734494377,4.0147622231307915e-05,1.0036905557826979e-05,0.6123014235552349,0.15995816387508857,0.013700376086433826,0.0
35,Cerro Maggiore,10121095.9407,0.16636538274762605,0.15953805886838807,0.08066320137496254,0.684510044096031,0.15353080428289353,0.2153324119017557,0.024513155635874823,0.0,0.032447079044019715,0.0049599371742076424,9.880352936668611e-06,0.4274833501579041,0.142425287582078,2.9641058810005832e-05,0.0
36,Cesano Boscone,3949490.92722,0.1503231709960905,0.5779225834572621,0.11421725187188213,0.682728884947905,0.19303753674822197,0.35900829401272816,0.0075452762265175955,0.0,0.06686937756454017,0.001721740883903344,5.0639437761863056e-05,0.18577077742939463,0.18556821967834716,0.0010887479118800558,0.0
37,Cesate,5768094.150170001,0.11898210780414756,0.17099235454936723,0.3377372056145415,0.791156511472717,0.13754976589219098,0.1831280787899185,0.010800794574090621,0.0,0.2090985286646982,0.07596963374585088,3.4673497830146455e-05,0.2533072383981349,0.13052838258158633,0.00032939822938639134,0.0
38,Cinisello Balsamo,12723962.940899996,0.0847927650380037,0.18697005100140032,0.12256401619869013,0.696326386662392,0.18943783561739191,0.4069329676650066,0.010224801864347282,0.0,0.09810622726567803,0.006562420873735573,0.0002907899069798996,0.10779660443611631,0.18127214066192932,0.0002750715336296348,0.0
39,Cisliano,14676456.184900003,0.1347327975560248,0.3496688802355435,0.0765307364291125,0.729852207977208,0.03663009606863504,0.06146579178481337,0.0024324673170577956,0.0,0.05551067572008365,3.4068169706691814e-05,0.0,0.7448255806634618,0.0986069103990488,0.0011515041360861834,0.0
40,Cologno Monzese,8402875.59896,0.08413786348181847,0.20152624896762575,0.08810079255387583,0.680520059435364,0.21489072148390329,0.3938175641216884,0.013542982834838674,0.0,0.06385909129327269,0.0017732024977073482,0.0007259419621486459,0.12646861035661738,0.18378232330264818,0.0017494011218991959,0.0
41,Colturano,4164378.3858499997,0.12150672996462575,0.4476538458499117,0.06983034994804974,0.730911279229711,0.061329681488073946,0.08402214390241611,0.015656598406509088,0.0,0.05559052961820328,4.802637548008923e-05,0.0006723692567212492,0.6205247843904929,0.1018879555810093,0.06123362873711377,0.0
42,Corbetta,18686683.3241,0.18788780968273294,0.44168351637636133,0.09943444579079638,0.733172595662236,0.08023895808552828,0.14134664531899815,0.008139486144330299,0.0,0.0620227773917082,0.0013646081307062633,0.00012843370641941302,0.5938614042700633,0.1129253363692689,0.0008776303271993222,0.0
43,Cormano,4473269.59215,0.10073168869382336,0.17843771397117134,0.07918145613704446,0.6602145680406549,0.17568804736900973,0.4001100231340547,0.012697647398600015,0.0,0.05646876290292894,0.0029061516933415526,0.0007153604168225361,0.158810012534603,0.19265550225551925,0.000804780468925353,0.0
44,Cornaredo,11067401.5746,0.18635810638094996,0.4705982668915887,0.12572960243834758,0.690615163492634,0.13612951421747355,0.243137468344484,0.00877351375980133,0.0,0.1668142235153987,0.001653504652980065,0.00013553316827705453,0.2901223000138629,0.1539205014399749,1.8071089103607268e-05,0.0
45,Corsico,5365971.12268,0.07797283854763512,0.402424826863679,0.08296727466875516,0.657774034141959,0.1894344894447206,0.4495551587678303,0.01943730176988132,0.0,0.08009733749467872,0.002925845041103899,0.00035408315784059925,0.09334750198018746,0.1566165714995998,0.00920616210385558,0.0
46,Cuggiono,14925258.9868,0.2267431341052781,0.30818895699351645,0.17427503283530493,0.692133328207297,0.06246457772186951,0.10071517025797945,0.01589922159540881,0.011818890389507435,0.16024512553619574,0.0030016229560653803,0.0017487133739577327,0.21440163971895573,0.3966966338899978,0.03378835840945918,0.0
47,Cusago,11458500.0222,0.08315224489715234,0.28639001559036015,0.06018239723034872,0.691271751740139,0.048933106332738584,0.09974254900604053,0.011720556769193492,0.0,0.11370598223814,0.00019199720694136773,0.0,0.5969193163807123,0.10331195162599595,0.026085438706715824,0.0
48,Cusano Milanino,3081707.54287,0.053898690154520874,0.26495051481737686,0.13346496845607728,0.605492341356674,0.20258249406061038,0.4391721087003525,0.011552037143292854,0.0,0.08135100314111007,0.006554807592542575,9.734862761201844e-05,0.08135100314111007,0.1755520251270066,0.0027257615731365163,0.0
49,Dairago,5635483.30283,0.11723927913480159,0.23884375619107454,0.2083583495687665,0.848228581161642,0.11395650834019916,0.14170923008483813,0.00849971465197063,0.0,0.16431598680010032,0.0005145965029376791,0.0,0.34632344647705804,0.22569492830566693,0.0,0.0
50,Dresano,3479006.37845,0.08844479329097678,0.36185619198573504,0.033199134303242825,0.596008658008658,0.09330250211976296,0.15274476163414058,0.006553595342977805,0.0,0.021730342453031667,2.8743839223586863e-05,2.8743839223586863e-05,0.6186823954484837,0.10606476673503552,0.001667142674968038,0.0
51,Gaggiano,26265013.8045,0.06659429205022256,0.2699751103418462,0.045334070976044825,0.689711934156379,0.033154370543327316,0.0741671036040441,0.013413280595330975,0.0,0.024317520057445058,0.00013706446251260718,0.00023605546321615683,0.7660228222135143,0.07051585861655549,0.01893393255764432,0.0
52,Garbagnate Milanese,8916204.243289998,0.12082495763942776,0.4456604953829297,0.25365053763791867,0.7301357446055889,0.2040442267088192,0.2658754706952821,0.01627374116168288,0.0,0.14577952282533016,0.015084894460691575,0.00040375925694044365,0.15948490649147523,0.1810299490632139,0.012763278733284023,0.0
53,Gessate,7754201.393179999,0.25012246931138976,0.39169733232249765,0.055428016143354124,0.765200093066543,0.10435633006794359,0.1828170211373169,0.019718342643831654,0.0,0.023406665728289377,0.0003610945677091474,0.0,0.43412594402832244,0.230997353457366,0.0050166352442449404,0.0
54,Gorgonzola,10579894.0972,0.26392513708988735,0.3923385207701226,0.05331811403946762,0.700308455947527,0.11775165125043213,0.1914480411043107,0.03088877799698284,0.0,0.023213842949996896,0.0009735447165511727,0.00021739348039492205,0.4498343703893535,0.18124945130665326,0.005170184077218363,0.0
55,Grezzago,2463253.39492,0.19401170865554454,0.33938855081823655,0.025657124894393,0.7200316455696201,0.13697332182544616,0.2217392660967952,0.008647100636876123,0.0,0.019527020687030116,0.0005277573158656788,4.059671660505222e-05,0.408159388747195,0.20505401557211875,0.0,0.0
56,Gudo Visconti,6101222.000649999,0.0954235069528653,0.23260913958692278,0.08558941142354219,0.6767981616238989,0.029567847224831505,0.04974413321915943,0.005474313177989868,0.0,0.04238495173138263,0.0005408752541127714,8.195079607769264e-05,0.7018430077685753,0.16577007030595667,0.005589044292498638,0.0
57,Inveruno,12134847.347699996,0.18698216260875006,0.20879537479144558,0.03761893223045148,0.65660021905805,0.092790619258463,0.13303010361362064,0.004573605123307901,0.0,0.0221840450305313,0.0008570359149982374,8.240729951906128e-06,0.6301851008821654,0.1161778108619726,0.0009476839444692047,0.0
58,Inzago,12160717.071,0.24747718267180463,0.3646248797757265,0.04382142902336092,0.697252767873898,0.07849043723550009,0.14579732343482624,0.018041699245121758,0.0,0.015369159475447843,0.0010772391071608707,0.0,0.3920245798143526,0.3442724615297482,0.005739793105330441,0.0
59,Lacchiarella,24040086.2656,0.06372689278541421,0.3590544519946866,0.07428841894613006,0.7255473430763201,0.05251645048406361,0.07836078370049825,0.015773653880045087,0.0,0.05301977646494058,0.0005615620447800861,2.0798594251114303e-05,0.7000141269909038,0.0927825289542209,0.0077287576237140745,0.0
60,Lainate,12871038.2638,0.1324524071064863,0.3832480254427942,0.08557196221673156,0.6902805520246961,0.19326335211015053,0.32197091757976876,0.011203447386646715,0.0,0.05001150542846387,0.0017791882465617876,0.00012431009582964455,0.18692353722283864,0.22918120042392845,0.006603973840949867,0.0
61,Legnano,17697214.2452,0.10025871729960222,0.28889292569799147,0.14887088801078285,0.698942913535262,0.20110509771137028,0.34522947597004433,0.01640371167901399,0.0,0.1172331402702388,0.00831769327988584,0.00012431335065046773,0.17569431871704513,0.13649040840736582,0.00023167488075768984,0.0
62,Liscate,9406702.5087,0.14176062214858848,0.3633791965716574,0.05265394536947572,0.7499273167777101,0.09328454888292942,0.15657984279164303,0.012310371237200258,0.0,0.051420782102191406,0.00021261435642832917,6.378430692849875e-05,0.45428246466258954,0.22578581580906415,0.006952489455206364,0.0
63,Locate di Triulzi,12610358.2925,0.11071057361076958,0.282981650261465,0.06880851280142165,0.7118958165264491,0.04594635509639703,0.09625420403176858,0.01489251896289845,0.0,0.03801636629826154,0.0006502590814471103,6.343991038508393e-05,0.6248117473938934,0.16240617058581486,0.017802824851814177,0.0
64,Magenta,21991908.35,0.20549831001819358,0.2700538718823826,0.18538182021843502,0.687358041649292,0.08627718749109829,0.15909033196748476,0.012891105014085783,0.00046380695288774244,0.1493140089409294,0.0019325289703655934,8.184828580371925e-05,0.4508794708577439,0.12845179031495918,0.010353808154170486,0.0010321978265246817
65,Magnago,11230035.0427,0.11584113451592837,0.2902484264391333,0.3028930886739414,0.811565779803028,0.12001743493010089,0.17829864220250854,0.012484377783944314,0.0,0.25899295852069926,0.0035529719941467764,0.00023152198458099296,0.17067622609476507,0.2564462166903083,8.014222543188218e-05,0.0
66,Marcallo con Casone,8208155.777649999,0.22594600422300626,0.18236739659302173,0.02699753830250091,0.6110830324909751,0.10071689943446527,0.1848527295414469,0.016288677215904206,0.0,0.013267292062916738,9.746403719314409e-05,0.0,0.5373192370458033,0.13441509029399484,0.013620599197741886,0.0
67,Masate,4386572.72081,0.19283847637747606,0.5318730928434677,0.10326968885092405,0.783790286975717,0.07771443030746139,0.0978440407391095,0.01413404129968497,0.0,0.04107990713231018,0.0012310294035209489,0.0,0.3970981699987298,0.37195325458977413,0.0,0.0
68,Mediglia,21954220.647,0.15258569428916427,0.37181461055942533,0.03834342441643585,0.67611903064861,0.05012248066980995,0.08315940835957109,0.010745086504914729,0.0,0.019832177466044393,0.0001503127828156787,7.743385781413751e-05,0.7027350343273608,0.10996063302888785,0.02397716632550705,0.0
69,Melegnano,4998606.13307,0.1615650400332693,0.4722316456148244,0.10018792972840672,0.7119728434504791,0.173948492210163,0.28321895390675994,0.017004740469078617,0.0,0.08044242520725307,0.0009202565430324898,0.0005401505796060266,0.27555681790716335,0.1476011472716024,0.02130593952890438,0.0
70,Melzo,9820491.15261,0.2287563793999189,0.3031314782264049,0.05324580938714338,0.677259514247466,0.1379258917859738,0.23900026623171586,0.037330108474520486,0.0,0.02834888761403847,0.0016088808344174132,0.00020365580182498902,0.29430299921729164,0.2582864706645423,0.0037574495436710474,0.0
71,Mesero,5639853.85802,0.21270054689345214,0.14252142346862023,0.019911863467934873,0.639501335707925,0.10798152138888992,0.17195481025114195,0.0032802268402207942,0.0,0.015993322215563006,0.00015957860303776836,0.0002659643383962806,0.5629401186495675,0.1346843409638765,0.003670307869868672,0.0
72,Milano,181844995.884,0.09949022744371182,0.3171404289661525,0.1054271518817573,0.67758098000146,0.1475789854405406,0.39311722410883165,0.04355522659008118,0.0,0.076896259542495,0.004024306505892632,0.0009453105880881981,0.1665159926606716,0.16047018428054266,0.007718111753239011,0.0
73,Morimondo,26023439.238,0.11476961106811565,0.18232409469812447,0.1871505128687326,0.718344865819354,0.009829600064025173,0.028720262266819445,0.014179524720974546,0.0006686279949727835,0.16621938247438345,0.0003612128248703543,0.0,0.6099923939653714,0.160278584312154,0.010548183024139601,0.0
74,Motta Visconti,10512777.4345,0.13741373381112648,0.1425122912888202,0.32790573390122885,0.684139301462056,0.06279025729525445,0.09318184524531323,0.011795170284216864,0.007124663341030993,0.3785678927187603,0.0010748824533197627,0.0010653702192195877,0.2831316479917056,0.12080537307222111,0.04116894918555693,9.51223410017489e-06
75,Nerviano,13242996.781,0.17249872047673345,0.4768558132597495,0.1096579591473964,0.675372538217876,0.12903423811532225,0.20141966687079269,0.047043732646211235,0.0,0.062078094074559,0.0020010576486751168,0.00027184179378228,0.37983094636229076,0.1533942833025899,0.025704151834302254,0.0
76,Nosate,4876174.318040001,0.11861758056108426,0.26734072963248523,0.444815927104066,0.714312125403412,0.025019614157075175,0.0509620829346982,0.02899814296565926,0.006685569028857792,0.41977580506653417,0.00285059538347004,0.00012304728273971396,0.3004814644503815,0.09123956015149791,0.07458716122072329,0.0
77,Novate Milanese,5461890.04148,0.08227921041746691,0.2830888187527533,0.0733445743062689,0.662054418372441,0.17492113402947904,0.35661647986457956,0.04965314166714959,0.0,0.04725470451434848,0.0012999163194570874,0.00016477812500160263,0.19348613611299295,0.17731957118228014,3.661736111146725e-05,0.0
78,Noviglio,15762855.258200001,0.06696756283737783,0.15969188061220865,0.03476527513725185,0.738222627737226,0.026752767382078657,0.04891245826792185,0.01016313335216742,0.0,0.024900311115641147,6.34402830971749e-06,6.34402830971749e-06,0.7809816050677716,0.10868589300208004,0.0003869857268927669,0.0
79,Opera,7616788.21171,0.092204217903852,0.3458281793827944,0.07970551144728541,0.700350848295174,0.11120172656209973,0.21377777020196811,0.0048051749612430346,0.0,0.0758456168062869,0.0009452803202445314,0.0008665069602241537,0.45289430454382434,0.13710503311546723,0.0031771921874885634,0.0
80,Ossona,5983406.046149999,0.1249121310229166,0.20197526136097765,0.03670150384350078,0.6581830601092901,0.10555860577210881,0.1760535708048439,0.011247774174260485,0.0,0.020105605247600838,0.00020055466581147968,0.0,0.5945944454645844,0.09158663072057571,0.001637863104127084,0.0
81,Ozzero,10951026.02,0.16797512823369223,0.3351101525371045,0.0709613874152771,0.6614348217732601,0.023340278758647314,0.04963918440219358,0.023358541887566444,0.0,0.03203352812415289,0.000310473191625199,0.0,0.6830044953175995,0.1782481382507025,0.003990493668829764,0.00691259429589046
82,Paderno Dugnano,14113852.334700001,0.10711462499030987,0.3853023165496786,0.10175818521701484,0.682780253446595,0.21384664713967008,0.36658311829432744,0.039025489776863785,0.0,0.06210210927636367,0.009359599127675575,0.00034009141417746223,0.09927126675084215,0.2023614766733854,0.007857528715058449,0.0
83,Pantigliate,5692352.35975,0.1102707563288594,0.434108755718089,0.04964555637810366,0.7077636234961081,0.06967242625462106,0.12739900030219664,0.014352590078170803,0.0,0.029829495658181177,8.783714858121666e-05,0.00024594401602740667,0.6521908282155338,0.10679240524504321,5.2702289148729995e-05,0.0
84,Parabiago,14307737.9731,0.14490061279412766,0.3827998534986674,0.09350884133574348,0.7001965767247179,0.16398119705652245,0.23768257472939897,0.020471440038298278,0.0,0.04957457295720372,0.0010413945256764914,6.989225004540212e-06,0.38835628737727684,0.13520655771283038,0.004584931602978379,0.0
85,Paullo,8821119.79765,0.12907658280565806,0.3739321169721264,0.06916355451408045,0.7458695295853139,0.07563665558399356,0.16171416245588552,0.005418813154848459,0.0,0.0588927496640957,0.000532812172129451,0.0007935500435970547,0.4624016104040038,0.203568259041033,0.032036748902932524,0.0
86,Pero,5002458.17102,0.12585812384146827,0.3781740766888336,0.09493332752908716,0.6986102337334179,0.1897667041974362,0.4117575658968493,0.041719489272100424,0.0,0.0760825951938736,0.0015192530832197567,0.0009195479187909054,0.06624743049724044,0.19812259615514485,0.014752747044949742,0.0
87,Peschiera Borromeo,23221281.2078,0.1656325491079306,0.4157307219016537,0.07979749193931554,0.7280960604425261,0.07922904785210616,0.2001956721681004,0.012906264616412772,0.0,0.04497598520314147,0.0019206519916316637,0.0003229795950053246,0.451051770411436,0.16707949769355446,0.04303810763310952,0.0
88,Pessano con Bornago,6662670.77076,0.34784849495657055,0.4166347243484399,0.06787068062623455,0.7224900486510389,0.11839096169388284,0.2453220422016373,0.013688204496047306,0.0,0.04026913669177075,0.003827294020276385,3.0017992315893214e-05,0.37978763878068095,0.19597246283430886,0.0036772040586969187,0.0
89,Pieve Emanuele,12913773.8874,0.16892815524116425,0.3899170021021473,0.07470318192122445,0.714311184824298,0.10265782965996398,0.15530704017954572,0.009718305515822192,0.0,0.08733310725692645,0.0003329777985500831,0.002919363489613519,0.44336381060430247,0.18577063691201146,0.013412035978807997,0.0
90,Pioltello,13091767.0695,0.12542997376004453,0.291832262193305,0.05520263201777247,0.746315206863152,0.1466417779821774,0.23608730460845603,0.05407215055400738,0.0,0.041797260606233705,0.0014971241006618797,0.0002138748715231257,0.3254411705755105,0.1571445618516166,0.037733638047294314,0.0
91,Pogliano Milanese,4784961.57043,0.1730421420972022,0.4404006111611524,0.12196545184532272,0.6854129540781361,0.15498557074792893,0.23789114776478898,0.012434791612057405,0.0,0.059916886641627864,0.0006896607112569654,0.00018808928488826327,0.31588550456512215,0.21024202288621427,0.008275928535083583,0.0
92,Pozzo d'Adda,4294042.01426,0.13139135530727444,0.29133389842148233,0.027945697690310054,0.6928,0.15549451956516686,0.2217258230912017,0.012482411635005158,0.0,0.02049351163956071,0.001210980233246769,0.0,0.40090432144890636,0.18795810504874372,9.315232563436685e-05,0.0
93,Pozzuolo Martesana,12139363.065899996,0.18632773298903765,0.40476588214109177,0.05112294579468445,0.7208491782146309,0.07570413661829684,0.14859922964716613,0.049318897272442125,0.0,0.01860064640741178,0.0003624572373454908,4.118832242562396e-05,0.38831526616429757,0.2820329189772175,0.03791796962502941,0.0
94,Pregnana Milanese,5074421.32771,0.16526022295796355,0.47284209273233696,0.11167775858606958,0.6914946179636491,0.17166489413150735,0.24057915595883844,0.06670711360752524,0.0,0.04296056356407829,0.00455224320334958,0.00019706680533980868,0.2909888447647615,0.1608853398794198,0.022662682614077997,0.0
95,Rescaldina,8029875.033609999,0.09448465845662238,0.10565544251298066,0.2883232914969977,0.8093002764340009,0.1802269641734861,0.2549728347490295,0.010822086226282437,0.0,0.269979294936222,0.0018680240896920201,2.490698786256027e-05,0.17671507888486512,0.10612867528236931,4.981397572512054e-05,0.0
96,Rho,22240954.264,0.12335801636177493,0.41708192417871875,0.1017177578419753,0.6845206206073461,0.16493446982792645,0.3251928813012733,0.02762021776171393,0.0,0.05418382618369113,0.002918040261655924,0.00019783323807836774,0.24787605489228212,0.17398084426005545,0.0037903049931832726,0.0
97,Robecchetto con Induno,13927969.3604,0.16917038938204068,0.22072851543893032,0.370915520153875,0.749659511043147,0.06305298190107296,0.07858288395664355,0.0039129896533915695,0.008579858047344818,0.33846283532207705,0.002347793792034942,0.00022257372340392416,0.238929302175348,0.23221619148558448,0.034369690772083385,0.0
98,Robecco sul Naviglio,19784851.5819,0.26165473006307266,0.2926228673505175,0.21079258455571867,0.694207888742357,0.03718501485616646,0.062507418611691,0.011377391387961221,0.0011422880736025038,0.1763975830474663,0.0007177208250068829,0.00017184864824108464,0.5829712672978442,0.11198466618910209,0.016295295350860498,0.0
99,Rodano,13073058.310199998,0.14438855508869236,0.5387339238366982,0.09857678053761276,0.7646884457204931,0.05289504441821931,0.07257674351989368,0.025066820037383176,0.0,0.05834135991001572,0.0021800560606207524,0.000872022424248301,0.6902822419876398,0.09433905752854646,0.004428955996840055,0.0
100,Rosate,18762731.6022,0.08014291478878723,0.2670400081517188,0.029052272960941622,0.6555237571087871,0.03341197930510788,0.05967681165724883,0.0070085743796804685,0.0,0.010563493855913831,3.197828614302876e-05,5.329714357171459e-06,0.7535896318179013,0.13556661438901324,0.0009380297268621768,0.0
101,Rozzano,12243455.0913,0.14990049674002026,0.6464678426945242,0.1715365462068275,0.736971716979335,0.1322747531577741,0.2770378111984279,0.004263502386437671,0.0,0.12197537287176279,0.0025646355351368363,0.0013558264294035506,0.23522771787242322,0.2162788183771447,0.009833825427722136,0.0
102,San Colombano al Lambro,16550439.0959,0.37269706043799516,0.6604719026885477,0.23246513145099018,0.7087635805998861,0.06560551014437935,0.10367700760429226,0.011504226497964476,0.0,0.20592807116787043,0.0013413541399937574,0.07391344682226862,0.2904756769378373,0.23255576348747622,0.01580018502740394,0.0
103,San Donato Milanese,12813236.9704,0.11268034793513446,0.76519305954067,0.17317247820561701,0.6987813781603499,0.10978490472389087,0.22671086211163047,0.022773324232907767,0.0,0.11827612362910116,0.004542177759956244,0.0010457935048696506,0.3303302678142749,0.15835186726720307,0.028938823254154214,0.0
104,San Giorgio su Legnano,2168044.70317,0.07984152713590377,0.2914146553695205,0.060284734816075235,0.654100994644223,0.24436765497748017,0.3717635521174953,0.007656668691253626,0.0,0.03316352282536962,0.001199237264895146,0.0,0.19630591536129777,0.14603019925607819,0.0,0.0
105,San Giuliano Milanese,30904256.267700005,0.13864756889420166,0.3642863915727507,0.05768784676637946,0.7252855059457031,0.08591373230279005,0.14593459104575462,0.012959379980892402,0.0,0.03706609180552371,0.0006795180514325604,0.0005500860416358822,0.5948145084213693,0.10898822384929285,0.013897762051918318,0.0
106,San Vittore Olona,3480667.856270001,0.24753870107081094,0.27488977389107694,0.0863052760000831,0.665429427430093,0.18404513916662196,0.2575655124303412,0.027322342701757336,0.0,0.05803483938753924,0.003849835880163494,2.873011850868279e-05,0.25245155133579567,0.2068568532625161,0.01060141372970395,0.0
107,San Zenone al Lambro,7235769.55458,0.1881071515245354,0.3932684669592373,0.05526710006220094,0.714851212803201,0.05536384167271242,0.11704352848881715,0.01357146593175327,0.0,0.03551799128778605,6.91011503653425e-05,0.00012438207065761653,0.5026279475274283,0.24727155646734164,0.029215966374466815,0.0
108,Santo Stefano Ticino,4966257.88362,0.13015836373137085,0.27950622632350847,0.0445003069069198,0.637882352941176,0.11024397299338728,0.17858516830654828,0.020437923760417916,0.0,0.031049535407452637,0.0007047559917385489,0.00024163062573893102,0.5014439560647166,0.13666225474084376,0.021384310377895396,0.0
109,Sedriano,7752707.01941,0.18979177161166308,0.34306726583902425,0.07148470832349034,0.666127751714183,0.09401877282026724,0.17778306294165777,0.014536857863690656,0.0,0.01960605497143726,0.0005933411372934962,0.00012898720375945568,0.5339425299622668,0.15066995271142017,0.009583749239327557,0.0
110,Segrate,17321699.5998,0.15259472575257677,0.3378710019926436,0.10627709996894619,0.685569558368189,0.14005554050989377,0.29132822509277695,0.11149021427564174,0.0,0.06688720083873162,0.008555742416968779,0.0008313271984099218,0.1606597541982619,0.15752495788759116,0.06350993409519132,0.0
111,Senago,8599100.52318,0.200590747293895,0.3815166471372725,0.24592106980253917,0.736015037593985,0.14101474877881448,0.2262097058589394,0.03941109876392893,0.0,0.13172307928563678,0.01660638803036014,0.00072100564277474,0.15394633385567755,0.28592525385326667,0.005302880211375508,0.0
112,Sesto San Giovanni,11698924.323799996,0.06595478170845814,0.21242123901463109,0.13070432440435892,0.694251520502256,0.18834210214672975,0.42903089729275934,0.0728272084183597,0.0,0.11262573921599851,0.004487592068032727,0.0008633272359453438,0.008975184136065455,0.17640938114297036,0.00710321715911466,0.0
113,Settala,17423687.305,0.16908590865003476,0.3780543053082529,0.054414429242421486,0.724603944731568,0.08174503909923102,0.10994802457515752,0.010807126913139928,0.0,0.036852130594408644,0.0008092431729966701,0.00016070077194260115,0.5796878595899481,0.1784869038086769,0.002278507373614738,0.0
114,Settimo Milanese,10719155.221,0.19754355229893353,0.3617169375814191,0.09149974786058748,0.69591455954323,0.12569087509438165,0.22821761132886945,0.014002969161780364,0.0,0.05168317731929595,0.0015766167810398945,0.00011194912054721144,0.4150420353354075,0.14722242261296198,0.017174860910618022,0.0
115,Solaro,6676028.87516,0.09216556900905458,0.13248894163580166,0.18224906194265675,0.7755642311169559,0.15109281563372884,0.241475887858763,0.005287574493774787,0.0,0.14841158097541243,0.003505077709754391,0.0006291165120071985,0.28767101459757727,0.162881260751578,0.0,0.0
116,Trezzano Rosa,3427063.573070001,0.21228085925126203,0.268626472888951,0.021067598677582296,0.673310249307479,0.1704958158907387,0.22112224761595378,0.004376924933015712,0.0,0.020046316193211962,0.00017507699732062848,0.0,0.3692665668487589,0.21537388620392647,2.917949955343808e-05,0.0
117,Trezzano sul Naviglio,10766102.1448,0.07546835326956614,0.23680808204401088,0.06278038150756891,0.694531735463826,0.12212405031240067,0.25101935349046456,0.014499212240466797,0.0,0.05806186785083789,0.0012167820650231585,8.359571439090402e-05,0.43494850197587365,0.09166734503598131,0.02725220289143471,0.0
118,Trezzo sull'Adda,13053105.6927,0.14643258432121314,0.5476474463849493,0.13918526692203623,0.796664464993395,0.09881173341922188,0.16249006557774043,0.004075658410530783,0.0,0.12395517496689487,0.005362708434908926,9.959315664830862e-05,0.39485622206234416,0.1580160345406164,0.05303718642124927,0.0
119,Tribiano,6995712.785060001,0.11131103061620636,0.47065968846400547,0.068241795320633,0.680953079178886,0.10174803081111555,0.1372697864398908,0.007590363073995836,0.0,0.05327548620862991,0.0027159491225220507,0.002916071689444728,0.5625302411505803,0.12298961184305117,0.00972023896481576,0.0
120,Truccazzano,21983612.872,0.22580455855472817,0.4336411878932763,0.1060426242753389,0.756341369251887,0.047080523389231195,0.07296798798904905,0.018354580857540857,0.0018377325071738553,0.09339684118141979,0.0014101412802571662,0.00040029816987945365,0.4500306686441362,0.27636494671620687,0.036504463787302446,0.002406337862116261
121,Turbigo,8519212.34995,0.12030454904742632,0.4493960054913374,0.29913563546927624,0.661008868309528,0.13879217366931104,0.17724643288283126,0.010235688044624427,0.0250375259164953,0.3008494089262891,0.0021246095597213547,0.00021128713853582533,0.16319583817019886,0.13630368070433355,0.0466827194420543,0.0
122,Vanzaghello,5563008.60078,0.09982008654851628,0.22883300950164095,0.39557731399003226,0.795653458147778,0.1230269534194211,0.202336555769872,0.008394738054773474,0.0,0.34715028118583585,0.004511947005884673,3.595176897119261e-05,0.11538720251304267,0.19994576313328769,0.00012583119139917412,0.0
123,Vanzago,6053471.3368,0.16426938275149447,0.4060149727741584,0.2067574008967925,0.730358740811761,0.08799909512441784,0.13934153695784954,0.020517153396757453,0.0,0.12520089017232267,0.0007929334646089838,1.6519447179353828e-05,0.4485195103666358,0.1605359876889605,0.017609730693191182,0.0
124,Vaprio d'Adda,7063204.04969,0.20412832332987463,0.477757682810835,0.16830888526463791,0.7679458277254371,0.10316847635627663,0.155623424194894,0.05024631845593876,0.0,0.13280092057388154,0.009485780040991538,8.494728394917796e-05,0.2755406733698169,0.2326847686174566,0.04142595880588245,0.0
125,Vermezzo con Zelo,10736678.6897,0.09847551841281213,0.22854367453074664,0.04151190632421296,0.67328696432578,0.048348284884224706,0.0699098875632808,0.01450169130509302,0.0,0.01298353094367352,8.382480523175156e-05,0.0,0.6944140004070779,0.15374400666228033,0.006622159613308373,0.0
126,Vernate,14543784.118300002,0.053431761203206994,0.27216438086559547,0.04719542001014191,0.711164044289044,0.02904333539085656,0.04943005163940999,0.005940682239038842,0.0,0.02599736058542345,0.0001856463199699638,0.0,0.8248334754161777,0.06197149192182533,0.002035233730041085,0.0012513937123901264
127,Vignate,8552722.82216,0.16124689513224594,0.30397337246379014,0.03776575094461274,0.748368421052632,0.10216629466068922,0.20226307293834547,0.02704401917488832,0.0,0.024576968571385756,0.00019876711023480393,0.00012861401250487313,0.5522685696959252,0.09198240330689426,0.0,0.0
128,Villa Cortese,3548008.18965,0.1398813005696468,0.35104203074651436,0.07736735242064889,0.676943533697632,0.1690525973839898,0.2686859637981952,0.0073844248940655765,0.0,0.03827499620664524,0.00036640276191928433,2.818482783994495e-05,0.32984704021087574,0.18728818099643418,0.0,0.0
129,Vimodrone,4742003.28976,0.13184301270943283,0.21807239194309738,0.11242084145137339,0.7175070343275181,0.19772234279648787,0.30902551315483506,0.020054815272979944,0.0,0.0521931312309415,0.005040063985533341,0.001012230423872805,0.24949371135081572,0.13576540560193995,0.03032473644852278,0.0
130,Vittuone,6133426.12645,0.1762473334990142,0.4409770239729729,0.10825923167747033,0.710658132530121,0.1288023991343397,0.22207816184922038,0.015081293569527116,0.0,0.043499341884863076,0.0019238839364369726,0.00011412870809371871,0.3673966154548368,0.22186620853418917,4.891230346873659e-05,0.0
131,Vizzolo Predabissi,5650178.89005,0.1942947332045066,0.47858661692321586,0.07521885736191958,0.673004705882353,0.06939603287437333,0.16321607119802878,0.031432633099945685,0.0,0.05679466194691763,0.0012212002724641062,0.00035397109346785684,0.5113997372876862,0.1570392756170147,0.009681109406345884,0.0
132,Zibido San Giacomo,24604799.7344,0.08053306758801465,0.34476606562824597,0.05098598702455936,0.7042247907532879,0.03316832523773846,0.0626016068664239,0.01109539614005955,0.0,0.013985076233679455,0.00021134087885827713,2.4385486022108902e-05,0.6996236582219747,0.1465811564788966,0.03337560186892638,0.0
133,Centro,9426871.6,0.008804617642187892,0.05301864936825914,0.07305711048403375,0.661801945694787,0.1431652044565877,0.6979621956450537,0.01565736824080642,0.0,0.061674755387566754,0.00624809613403454,0.0011562690638535905,0.0,0.07457405063202516,0.0002439833804461705,0.0
134,"Stazione Centrale, Gorla, Turro, Greco, Crescenzago",12628554.9774,0.04155661522154985,0.055469529273429255,0.06795710210200855,0.653295269168026,0.17751041223732528,0.5189825765282732,0.11113702260565018,0.0,0.044494401854018414,0.003064483630095235,0.00043552092934170006,0.020897086046049937,0.12433726604587954,0.0022171974584668367,0.0
135,"Citt√† Studi, Lambrate, Venezia",14434240.0301,0.07909664780543978,0.20057169577080555,0.11571790385339936,0.691111177632761,0.1669918191032951,0.4869047476932743,0.057675360688472115,0.0,0.08459745698101297,0.0019536878935914877,0.0016973529571982784,0.056650020942899275,0.14552896415880423,0.00541074554927288,0.0
136,"Vittoria, Forlanini",20695477.5122,0.14494954263469473,0.459636652229572,0.09513189530608272,0.6709889272653391,0.1445146650149493,0.4187629879470571,0.07839877089299026,0.0,0.08465134467021858,0.002623761639130583,0.0025899378242614964,0.08577719450800389,0.19583022414490658,0.005131555912995726,0.0
137,"Vigentino, Chiaravalle, Gratosoglio",29958855.4632,0.12666371733263393,0.5448439116791447,0.08057717702083914,0.674816487158244,0.10935998553163848,0.23492553007057496,0.01965695921606138,0.0,0.06422808783077824,0.0014786946735804365,0.00027704663184464163,0.44733684891473896,0.12300870453902088,0.006505588981508512,0.0
138,"Barona, Lorenteggio",18336216.7552,0.08309783966574737,0.35793643190538366,0.09783915755092917,0.6556995540691191,0.13615676741452049,0.3962813102075343,0.039899179300033324,0.0,0.07884396325048958,0.002116030832205157,0.0018651611974591848,0.18168960612091445,0.15694622497216498,0.012581657551281693,0.0
139,"Baggio, De Angeli, San Siro",31363417.113200005,0.16427419185237888,0.4208693189379713,0.13882734729716292,0.698706965848281,0.10531696811218365,0.2791660095071403,0.006367290887954672,0.0,0.08381739752756756,0.005943229952502508,0.00045594521631322886,0.2862698272829856,0.2111217657215416,0.02320856803876918,0.0
140,"Fiera, Gallaratese, Quarto Oggiaro",23906482.261399996,0.057888065038932124,0.16503473647272404,0.09761787512201452,0.664812957963749,0.20092458386300063,0.44440666275498425,0.05015376109666856,0.0,0.07118989658917449,0.007069212364751448,0.0003890158283561448,0.045648706826350624,0.18072922451565152,0.00016313566995580266,0.0
141,"Stazione Garibaldi, Niguarda",21013486.5937,0.07273899993627216,0.21224940373946186,0.15120765351489115,0.678751494932964,0.19115342816095388,0.4471128557417412,0.0577581447318636,0.0,0.10697415633414863,0.005406051941616302,0.0005520264306580026,0.030656502295679764,0.1597021981590682,0.0016751146861346286,0.0
