Comune,Cardio_incidence,Year,Multiplicator,Label
Abbiategrasso,0.2491833144867445,2013,1.0,1
Albairate,0.2256825938566553,2013,1.0,0
Arconate,0.2154729525536415,2013,2.0,0
Arese,0.2588707994155708,2013,2.0,1
Arluno,0.2468694096601073,2013,1.0,1
Assago,0.2299336149668074,2013,1.0,0
Baranzate,0.1396428571428571,2013,10.0,0
Bareggio,0.2366425470332851,2013,0.0,0
Basiano,0.2147138964577656,2013,3.0,0
Basiglio,0.1644788658440535,2013,8.0,0
Bellinzago Lombardo,0.2207859358841778,2013,2.0,0
Bernate Ticino,0.2374592833876221,2013,0.0,0
Besate,0.2306192101413944,2013,1.0,0
Binasco,0.2698412698412698,2013,3.0,1
Boffalora sopra Ticino,0.2338611449451887,2013,1.0,0
Bollate,0.2970750056141927,2013,6.0,1
Bresso,0.2788841564022869,2013,4.0,1
Bubbiano,0.1976388281591604,2013,4.0,0
Buccinasco,0.218361729038018,2013,2.0,0
Buscate,0.2440713536201469,2013,0.0,1
Bussero,0.2246200255250029,2013,2.0,0
Busto Garolfo,0.2342567418620031,2013,1.0,0
Calvignasco,0.2203672787979966,2013,2.0,0
Cambiago,0.2036117381489842,2013,4.0,0
Canegrate,0.254948914431673,2013,1.0,1
Carpiano,0.1967131474103585,2013,4.0,0
Carugate,0.2121669870914584,2013,3.0,0
Casarile,0.1898702594810379,2013,5.0,0
Casorezzo,0.2152623798965262,2013,2.0,0
Cassano d'Adda,0.232475503391838,2013,1.0,0
Cassina de' Pecchi,0.2280254777070063,2013,1.0,0
Cassinetta di Lugagnano,0.2381703470031545,2013,0.0,0
Castano Primo,0.2381893299802407,2013,0.0,0
Cernusco sul Naviglio,0.2348056704448584,2013,1.0,0
Cerro Maggiore,0.2425605078693294,2013,0.0,1
Cerro al Lambro,0.2298,2013,1.0,0
Cesano Boscone,0.2626449119793902,2013,2.0,1
Cesate,0.237453398336679,2013,0.0,0
Cinisello Balsamo,0.2641954438248967,2013,2.0,1
Cisliano,0.2088830255057168,2013,3.0,0
Cologno Monzese,0.2623290155993256,2013,2.0,1
Colturano,0.189494354442808,2013,5.0,0
Corbetta,0.209450047361676,2013,3.0,0
Cormano,0.2402607021182047,2013,0.0,1
Cornaredo,0.2485505797680927,2013,1.0,1
Corsico,0.2733140376266281,2013,3.0,1
Cuggiono,0.2400342382000489,2013,0.0,1
Cusago,0.2080173347778981,2013,3.0,0
Cusano Milanino,0.304884509429964,2013,6.0,1
Dairago,0.2010292164674634,2013,4.0,0
Dresano,0.2181759587495971,2013,2.0,0
Gaggiano,0.2399687045937185,2013,0.0,0
Garbagnate Milanese,0.2717277877161598,2013,3.0,1
Gessate,0.1887263241465351,2013,5.0,0
Gorgonzola,0.2295579970634398,2013,1.0,0
Grezzago,0.188957475994513,2013,5.0,0
Gudo Visconti,0.2044653349001175,2013,4.0,0
Inveruno,0.252930934416715,2013,1.0,1
Inzago,0.2208225268618006,2013,2.0,0
Lacchiarella,0.2513560300057703,2013,1.0,1
Lainate,0.2440009503444999,2013,0.0,1
Legnano,0.2357543598756252,2013,0.0,0
Liscate,0.1958587088915956,2013,4.0,0
Locate di Triulzi,0.228912041675015,2013,1.0,0
Magenta,0.2643301104972376,2013,2.0,1
Magnago,0.2289744981009224,2013,1.0,0
Marcallo con Casone,0.2335456475583864,2013,1.0,0
Masate,0.2062701435687078,2013,3.0,0
Mediglia,0.2192910140148392,2013,2.0,0
Melegnano,0.2590649680059952,2013,2.0,1
Melzo,0.2545563028856585,2013,1.0,1
Mesero,0.2323961184374222,2013,1.0,0
Morimondo,0.2303754266211604,2013,1.0,0
Motta Visconti,0.2363541394620005,2013,0.0,0
Nerviano,0.2552847406722883,2013,2.0,1
Nosate,0.2630098452883263,2013,2.0,1
Novate Milanese,0.2809179346470442,2013,4.0,1
Noviglio,0.1908779931584948,2013,5.0,0
Opera,0.2741766467065868,2013,3.0,1
Ossona,0.2452116339560179,2013,1.0,1
Ozzero,0.2444005270092226,2013,0.0,1
Paderno Dugnano,0.2497398985073359,2013,1.0,1
Pantigliate,0.2425995236474991,2013,0.0,1
Parabiago,0.241153534907673,2013,0.0,1
Paullo,0.238424264178033,2013,0.0,0
Pero,0.2555640098915731,2013,2.0,1
Peschiera Borromeo,0.2272228802035355,2013,1.0,0
Pessano con Bornago,0.214168039538715,2013,3.0,0
Pieve Emanuele,0.2268742640324479,2013,1.0,0
Pioltello,0.2125964786991512,2013,3.0,0
Pogliano Milanese,0.2455118874332848,2013,1.0,1
Pozzo d'Adda,0.1925287356321839,2013,5.0,0
Pozzuolo Martesana,0.2286831175177131,2013,1.0,0
Pregnana Milanese,0.2485706117781589,2013,1.0,1
Rescaldina,0.2522058304510482,2013,1.0,1
Rho,0.2698989978850829,2013,3.0,1
Robecchetto con Induno,0.2593730792870313,2013,2.0,1
Robecco sul Naviglio,0.2256469904041872,2013,1.0,0
Rodano,0.1982538330494037,2013,4.0,0
Rosate,0.232669616519174,2013,1.0,0
Rozzano,0.2487502113169271,2013,1.0,1
San Donato Milanese,0.2515074028474918,2013,1.0,1
San Giorgio su Legnano,0.2495585638610947,2013,1.0,1
San Giuliano Milanese,0.233387792270402,2013,1.0,0
San Vittore Olona,0.2364271096665463,2013,0.0,0
San Zenone al Lambro,0.2105887939221272,2013,3.0,0
Santo Stefano Ticino,0.2232871125611745,2013,2.0,0
Sedriano,0.2222126113657988,2013,2.0,0
Segrate,0.2361269229646495,2013,0.0,0
Senago,0.2408105560791706,2013,0.0,1
Sesto San Giovanni,0.269448497962059,2013,3.0,1
Settala,0.2139578833693304,2013,3.0,0
Settimo Milanese,0.2250392982100299,2013,1.0,0
Solaro,0.2260826139687522,2013,1.0,0
Trezzano Rosa,0.1804975124378109,2013,6.0,0
Trezzano sul Naviglio,0.2412196443524949,2013,0.0,1
Trezzo sull'Adda,0.2580187103240895,2013,2.0,1
Tribiano,0.1779879621668099,2013,6.0,0
Truccazzano,0.204485049833887,2013,4.0,0
Turbigo,0.2492553479555916,2013,1.0,1
Vanzaghello,0.2584415584415584,2013,2.0,1
Vanzago,0.2232470274474941,2013,2.0,0
Vaprio d'Adda,0.2054272792192335,2013,3.0,0
Vermezzo con Zelo,0.1769230769230769,2013,6.0,0
Vernate,0.197727970525023,2013,4.0,0
Vignate,0.2202720491443615,2013,2.0,0
Villa Cortese,0.2407735697018533,2013,0.0,1
Vimodrone,0.2255554900689574,2013,1.0,0
Vittuone,0.2156358349177944,2013,2.0,0
Vizzolo Predabissi,0.2439390152461884,2013,0.0,1
Zibido San Giacomo,0.1983805668016194,2013,4.0,0
San Siro Baggio Trenno,0.2411371609630961,2013,0.0,1
Barona Lorenteggio,0.2534849990599231,2013,1.0,1
Centro Storico,0.1942928993775394,2013,5.0,0
Città Studi Lambrate,0.2264038655009706,2013,1.0,0
Fiera Gallaratese Quarto Oggiaro,0.2470745017704426,2013,1.0,1
Stazione Centrale Bicocca,0.205165227162849,2013,3.0,0
Stazione Garibaldi Niguarda,0.2245162143254543,2013,2.0,0
Vigentino Chiaravalle Gratosoglio,0.2317204257623392,2013,1.0,0
Vittoria Forlanini,0.2355782765592608,2013,0.0,0
Abbiategrasso,0.252213216957606,2014,1.0,1
Albairate,0.2289898132427844,2014,1.0,0
Arconate,0.2243754731264193,2014,2.0,0
Arese,0.2649113660062565,2014,2.0,1
Arluno,0.252497883149873,2014,1.0,1
Assago,0.2309518158082126,2014,1.0,0
Baranzate,0.1562527854532489,2014,8.0,0
Bareggio,0.2457264957264957,2014,1.0,1
Basiano,0.2262295081967213,2014,1.0,0
Basiglio,0.1671301814329228,2014,7.000000000000001,0
Bellinzago Lombardo,0.2273548387096774,2014,1.0,0
Bernate Ticino,0.2426805465191932,2014,0.0,1
Besate,0.2209971236816874,2014,2.0,0
Binasco,0.2747390396659708,2014,3.0,1
Boffalora sopra Ticino,0.2372430471584038,2014,0.0,0
Bollate,0.2987406389364149,2014,6.0,1
Bresso,0.2825163586270233,2014,4.0,1
Bubbiano,0.1921947125472094,2014,5.0,0
Buccinasco,0.2219293034308629,2014,2.0,0
Buscate,0.24953095684803,2014,1.0,1
Bussero,0.2338924233661075,2014,1.0,0
Busto Garolfo,0.2394345671815797,2014,0.0,0
Calvignasco,0.2303182579564489,2014,1.0,0
Cambiago,0.2089373785682259,2014,3.0,0
Canegrate,0.2615433775363476,2014,2.0,1
Carpiano,0.2008895478131949,2014,4.0,0
Carugate,0.2218290691344583,2014,2.0,0
Casarile,0.1955403087478559,2014,4.0,0
Casorezzo,0.2193868184321644,2014,2.0,0
Cassano d'Adda,0.2390835579514824,2014,0.0,0
Cassina de' Pecchi,0.2340821184171377,2014,1.0,0
Cassinetta di Lugagnano,0.2478947368421052,2014,1.0,1
Castano Primo,0.2444703143189755,2014,0.0,1
Cernusco sul Naviglio,0.2371191478820906,2014,0.0,0
Cerro Maggiore,0.2468723390318988,2014,1.0,1
Cerro al Lambro,0.24481658692185,2014,0.0,1
Cesano Boscone,0.2605304212168486,2014,2.0,1
Cesate,0.2367057152999645,2014,0.0,0
Cinisello Balsamo,0.2653874298723473,2014,3.0,1
Cisliano,0.2083422459893048,2014,3.0,0
Cologno Monzese,0.2649654236137627,2014,2.0,1
Colturano,0.196977084349098,2014,4.0,0
Corbetta,0.2105030647744215,2014,3.0,0
Cormano,0.2418103661248085,2014,0.0,1
Cornaredo,0.257258710452543,2014,2.0,1
Corsico,0.2745245173020866,2014,3.0,1
Cuggiono,0.2444904419822233,2014,0.0,1
Cusago,0.2109560179088754,2014,3.0,0
Cusano Milanino,0.3093893211126505,2014,7.000000000000001,1
Dairago,0.2055709398924906,2014,3.0,0
Dresano,0.2311443433029908,2014,1.0,0
Gaggiano,0.2421134767584438,2014,0.0,1
Garbagnate Milanese,0.2759569956474833,2014,4.0,1
Gessate,0.1930393912264995,2014,5.0,0
Gorgonzola,0.2347720855183541,2014,1.0,0
Grezzago,0.1967885206696276,2014,4.0,0
Gudo Visconti,0.2129071170084439,2014,3.0,0
Inveruno,0.2559400230680507,2014,2.0,1
Inzago,0.2228404633768129,2014,2.0,0
Lacchiarella,0.2555467061099101,2014,2.0,1
Lainate,0.2514069817781101,2014,1.0,1
Legnano,0.2418585111745925,2014,0.0,1
Liscate,0.2039728682170542,2014,4.0,0
Locate di Triulzi,0.232089403312712,2014,1.0,0
Magenta,0.2670049015392553,2014,3.0,1
Magnago,0.2393513513513513,2014,0.0,0
Marcallo con Casone,0.2341077767021619,2014,1.0,0
Masate,0.2135158753277017,2014,3.0,0
Mediglia,0.2267648762724489,2014,1.0,0
Melegnano,0.2596612115991961,2014,2.0,1
Melzo,0.260655560363479,2014,2.0,1
Mesero,0.2346258335391454,2014,1.0,0
Morimondo,0.2240802675585284,2014,2.0,0
Motta Visconti,0.2433979445817614,2014,0.0,1
Nerviano,0.2623558722985109,2014,2.0,1
Nosate,0.27,2014,3.0,1
Novate Milanese,0.2831403473747255,2014,4.0,1
Noviglio,0.1961896121569517,2014,4.0,0
Opera,0.2772585669781931,2014,4.0,1
Ossona,0.2460745254277009,2014,1.0,1
Ozzero,0.2517985611510791,2014,1.0,1
Paderno Dugnano,0.253537163943068,2014,1.0,1
Pantigliate,0.2493984187005844,2014,1.0,1
Parabiago,0.2462846553540932,2014,1.0,1
Paullo,0.2454424188528234,2014,1.0,1
Pero,0.2536938946194592,2014,1.0,1
Peschiera Borromeo,0.2297514207626567,2014,1.0,0
Pessano con Bornago,0.2180880254637251,2014,2.0,0
Pieve Emanuele,0.2295358649789029,2014,1.0,0
Pioltello,0.2168615317214753,2014,2.0,0
Pogliano Milanese,0.2515078407720145,2014,1.0,1
Pozzo d'Adda,0.195561488403137,2014,4.0,0
Pozzuolo Martesana,0.2355593468194004,2014,0.0,0
Pregnana Milanese,0.2543344318670296,2014,1.0,1
Rescaldina,0.2619952159842409,2014,2.0,1
Rho,0.2743234663915562,2014,3.0,1
Robecchetto con Induno,0.2574298011887682,2014,2.0,1
Robecco sul Naviglio,0.235655737704918,2014,0.0,0
Rodano,0.204516129032258,2014,4.0,0
Rosate,0.2408386508659981,2014,0.0,1
Rozzano,0.2493017259901167,2014,1.0,1
San Donato Milanese,0.257291928589389,2014,2.0,1
San Giorgio su Legnano,0.2522800823771697,2014,1.0,1
San Giuliano Milanese,0.2386478304742684,2014,0.0,0
San Vittore Olona,0.2421556886227545,2014,0.0,1
San Zenone al Lambro,0.2105628908964558,2014,3.0,0
Santo Stefano Ticino,0.2279782301955251,2014,1.0,0
Sedriano,0.2287252221462747,2014,1.0,0
Segrate,0.2402237875757312,2014,0.0,1
Senago,0.2462389276843042,2014,1.0,1
Sesto San Giovanni,0.2698333561840186,2014,3.0,1
Settala,0.2224627875507442,2014,2.0,0
Settimo Milanese,0.230223072662269,2014,1.0,0
Solaro,0.2347011724335144,2014,1.0,0
Trezzano Rosa,0.1923382294561333,2014,5.0,0
Trezzano sul Naviglio,0.2412566975158304,2014,0.0,1
Trezzo sull'Adda,0.2615282170800732,2014,2.0,1
Tribiano,0.1840159271899886,2014,6.0,0
Truccazzano,0.2130384167636786,2014,3.0,0
Turbigo,0.2594159388646288,2014,2.0,1
Vanzaghello,0.26,2014,2.0,1
Vanzago,0.2271062271062271,2014,1.0,0
Vaprio d'Adda,0.2063084112149532,2014,3.0,0
Vermezzo con Zelo,0.180612064390589,2014,6.0,0
Vernate,0.2043795620437956,2014,4.0,0
Vignate,0.2237099934683213,2014,2.0,0
Villa Cortese,0.2465422965583789,2014,1.0,1
Vimodrone,0.2320843091334894,2014,1.0,0
Vittuone,0.2262897048884884,2014,1.0,0
Vizzolo Predabissi,0.2582029278142352,2014,2.0,1
Zibido San Giacomo,0.2008988764044944,2014,4.0,0
San Siro Baggio Trenno,0.2435273517337503,2014,0.0,1
Barona Lorenteggio,0.254778098448001,2014,1.0,1
Centro Storico,0.1955039732329569,2014,4.0,0
Città Studi Lambrate,0.2293737396850821,2014,1.0,0
Fiera Gallaratese Quarto Oggiaro,0.248577615254593,2014,1.0,1
Stazione Centrale Bicocca,0.208286996454411,2014,3.0,0
Stazione Garibaldi Niguarda,0.2261675982561523,2014,1.0,0
Vigentino Chiaravalle Gratosoglio,0.2361126953347781,2014,0.0,0
Vittoria Forlanini,0.2372860760788928,2014,0.0,0
Abbiategrasso,0.2550233281493002,2015,2.0,1
Albairate,0.2350555081127241,2015,0.0,0
Arconate,0.2271973466003316,2015,1.0,0
Arese,0.2650328318080761,2015,3.0,1
Arluno,0.2542415588778767,2015,1.0,1
Assago,0.2300415320719889,2015,1.0,0
Baranzate,0.1649137931034482,2015,8.0,0
Bareggio,0.2497253541485978,2015,1.0,1
Basiano,0.2302847754654983,2015,1.0,0
Basiglio,0.175759989380061,2015,6.0,0
Bellinzago Lombardo,0.2364672364672364,2015,0.0,0
Bernate Ticino,0.2545811518324607,2015,1.0,1
Besate,0.2310278578290105,2015,1.0,0
Binasco,0.2742516629711751,2015,3.0,1
Boffalora sopra Ticino,0.2422330097087378,2015,0.0,1
Bollate,0.301765240095357,2015,6.0,1
Bresso,0.2838539677690369,2015,4.0,1
Bubbiano,0.1971595655806182,2015,4.0,0
Buccinasco,0.2263632651546085,2015,1.0,0
Buscate,0.2518939393939394,2015,1.0,1
Bussero,0.2461627906976744,2015,1.0,1
Busto Garolfo,0.2460478607686729,2015,1.0,1
Calvignasco,0.242016806722689,2015,0.0,1
Cambiago,0.2151317737636955,2015,2.0,0
Canegrate,0.2637883904164657,2015,2.0,1
Carpiano,0.2026894865525672,2015,4.0,0
Carugate,0.2241483979763912,2015,2.0,0
Casarile,0.1988145221042232,2015,4.0,0
Casorezzo,0.2232566630156991,2015,2.0,0
Cassano d'Adda,0.2450890694795759,2015,1.0,1
Cassina de' Pecchi,0.2375743337493576,2015,0.0,0
Cassinetta di Lugagnano,0.2476190476190476,2015,1.0,1
Castano Primo,0.2430840621095841,2015,0.0,1
Cernusco sul Naviglio,0.2408205692622825,2015,0.0,1
Cerro Maggiore,0.2531272512934704,2015,1.0,1
Cerro al Lambro,0.254408559540321,2015,1.0,1
Cesano Boscone,0.2687107779134903,2015,3.0,1
Cesate,0.2383979656706929,2015,0.0,0
Cinisello Balsamo,0.2709439965486558,2015,3.0,1
Cisliano,0.2092391304347826,2015,3.0,0
Cologno Monzese,0.2678881225405153,2015,3.0,1
Colturano,0.1990291262135922,2015,4.0,0
Corbetta,0.2186912788769758,2015,2.0,0
Cormano,0.2462583694367861,2015,1.0,1
Cornaredo,0.2610652663165791,2015,2.0,1
Corsico,0.2793798000289813,2015,4.0,1
Cuggiono,0.2482079941683878,2015,1.0,1
Cusago,0.2146035069353572,2015,3.0,0
Cusano Milanino,0.3168194734866763,2015,8.0,1
Dairago,0.2119669000636537,2015,3.0,0
Dresano,0.2400259487512163,2015,0.0,1
Gaggiano,0.2461999334294907,2015,1.0,1
Garbagnate Milanese,0.2805747382490532,2015,4.0,1
Gessate,0.2029116352556144,2015,4.0,0
Gorgonzola,0.2392912870589419,2015,0.0,0
Grezzago,0.1963756177924217,2015,4.0,0
Gudo Visconti,0.2128174123337363,2015,3.0,0
Inveruno,0.2629741680242029,2015,2.0,1
Inzago,0.2278194808718459,2015,1.0,0
Lacchiarella,0.2583586626139817,2015,2.0,1
Lainate,0.2568183604495795,2015,2.0,1
Legnano,0.2422996913166018,2015,0.0,1
Liscate,0.2103213242453749,2015,3.0,0
Locate di Triulzi,0.2378399841175302,2015,0.0,0
Magenta,0.2693146350848689,2015,3.0,1
Magnago,0.2406549606808143,2015,0.0,1
Marcallo con Casone,0.2374560562480025,2015,0.0,0
Masate,0.224942396313364,2015,2.0,0
Mediglia,0.234498215323317,2015,1.0,0
Melegnano,0.260988697339879,2015,2.0,1
Melzo,0.2671036238556958,2015,3.0,1
Mesero,0.2369065100342633,2015,0.0,0
Morimondo,0.2353448275862069,2015,0.0,0
Motta Visconti,0.2444876783398184,2015,0.0,1
Nerviano,0.2669022652221771,2015,3.0,1
Nosate,0.2675438596491228,2015,3.0,1
Novate Milanese,0.283398992669426,2015,4.0,1
Noviglio,0.2052213393870601,2015,3.0,0
Opera,0.2779299622418005,2015,4.0,1
Ossona,0.2452258965999068,2015,1.0,1
Ozzero,0.2547478716437459,2015,1.0,1
Paderno Dugnano,0.2547203645492711,2015,1.0,1
Pantigliate,0.2519884921306481,2015,1.0,1
Parabiago,0.2459821589801004,2015,1.0,1
Paullo,0.250420465610339,2015,1.0,1
Pero,0.259129148562448,2015,2.0,1
Peschiera Borromeo,0.2341261276816161,2015,1.0,0
Pessano con Bornago,0.2247067850487778,2015,2.0,0
Pieve Emanuele,0.2330426977817669,2015,1.0,0
Pioltello,0.2226149378048112,2015,2.0,0
Pogliano Milanese,0.2550762946053105,2015,2.0,1
Pozzo d'Adda,0.200433188937021,2015,4.0,0
Pozzuolo Martesana,0.2419568622725629,2015,0.0,1
Pregnana Milanese,0.2602062438197485,2015,2.0,1
Rescaldina,0.2663528419869317,2015,3.0,1
Rho,0.278015482895182,2015,4.0,1
Robecchetto con Induno,0.2611019736842105,2015,2.0,1
Robecco sul Naviglio,0.2411420204978038,2015,0.0,1
Rodano,0.2130049686757399,2015,3.0,0
Rosate,0.2469446441409058,2015,1.0,1
Rozzano,0.2537452068497392,2015,1.0,1
San Donato Milanese,0.2618373891718543,2015,2.0,1
San Giorgio su Legnano,0.252678830002896,2015,1.0,1
San Giuliano Milanese,0.2441912717083873,2015,0.0,1
San Vittore Olona,0.2460858133142106,2015,1.0,1
San Zenone al Lambro,0.2195292472617105,2015,2.0,0
Santo Stefano Ticino,0.2266560255387071,2015,1.0,0
Sedriano,0.2310952865378094,2015,1.0,0
Segrate,0.2446256699902023,2015,0.0,1
Senago,0.2462065136935603,2015,1.0,1
Sesto San Giovanni,0.2698599141928065,2015,3.0,1
Settala,0.2264201862096883,2015,1.0,0
Settimo Milanese,0.2356873586328223,2015,0.0,0
Solaro,0.2375517192181481,2015,0.0,0
Trezzano Rosa,0.1986193293885601,2015,4.0,0
Trezzano sul Naviglio,0.2431910372802781,2015,0.0,1
Trezzo sull'Adda,0.2674650698602794,2015,3.0,1
Tribiano,0.192079207920792,2015,5.0,0
Truccazzano,0.2186981069412155,2015,2.0,0
Turbigo,0.2604823239243628,2015,2.0,1
Vanzaghello,0.2658554572271386,2015,3.0,1
Vanzago,0.230811343479689,2015,1.0,0
Vaprio d'Adda,0.2063418585811827,2015,3.0,0
Vermezzo con Zelo,0.1856033874382498,2015,5.0,0
Vernate,0.2059981823689791,2015,3.0,0
Vignate,0.2322300596852957,2015,1.0,0
Villa Cortese,0.2481118431624618,2015,1.0,1
Vimodrone,0.2380420074130728,2015,0.0,0
Vittuone,0.2267891141225221,2015,1.0,0
Vizzolo Predabissi,0.2710735331796054,2015,3.0,1
Zibido San Giacomo,0.2033998521803399,2015,4.0,0
San Siro Baggio Trenno,0.244055557173223,2015,0.0,1
Barona Lorenteggio,0.2549694829861785,2015,1.0,1
Centro Storico,0.1933082409698683,2015,5.0,0
Città Studi Lambrate,0.228818809054207,2015,1.0,0
Fiera Gallaratese Quarto Oggiaro,0.2478906198501461,2015,1.0,1
Stazione Centrale Bicocca,0.2084906208258319,2015,3.0,0
Stazione Garibaldi Niguarda,0.2248120178114143,2015,2.0,0
Vigentino Chiaravalle Gratosoglio,0.2350719657676348,2015,0.0,0
Vittoria Forlanini,0.233709778899135,2015,1.0,0
Abbiategrasso,0.2582795765301398,2016,2.0,1
Albairate,0.2451654490760636,2016,1.0,1
Arconate,0.2320706692618655,2016,1.0,0
Arese,0.2721313167810871,2016,3.0,1
Arluno,0.2538075313807531,2016,1.0,1
Assago,0.2358986069878967,2016,0.0,0
Baranzate,0.1799445791479044,2016,6.0,0
Bareggio,0.2577019393162891,2016,2.0,1
Basiano,0.2373068432671081,2016,0.0,0
Basiglio,0.1815910585141354,2016,6.0,0
Bellinzago Lombardo,0.2424718512699659,2016,0.0,1
Bernate Ticino,0.2492620531321744,2016,1.0,1
Besate,0.2317429406037001,2016,1.0,0
Binasco,0.2751103752759382,2016,4.0,1
Boffalora sopra Ticino,0.2487816764132553,2016,1.0,1
Bollate,0.3035532131927915,2016,6.0,1
Bresso,0.2877072612921669,2016,5.0,1
Bubbiano,0.2002503128911139,2016,4.0,0
Buccinasco,0.2351331360946745,2016,0.0,0
Buscate,0.2606864603074331,2016,2.0,1
Bussero,0.251074706634135,2016,1.0,1
Busto Garolfo,0.2489366303799293,2016,1.0,1
Calvignasco,0.2416107382550335,2016,0.0,1
Cambiago,0.2194005610512328,2016,2.0,0
Canegrate,0.2722804190169218,2016,3.0,1
Carpiano,0.2020102966413336,2016,4.0,0
Carugate,0.2291763765896531,2016,1.0,0
Casarile,0.202755905511811,2016,4.0,0
Casorezzo,0.2262707232647112,2016,1.0,0
Cassano d'Adda,0.2478494623655914,2016,1.0,1
Cassina de' Pecchi,0.2433998239953065,2016,0.0,1
Cassinetta di Lugagnano,0.2494703389830508,2016,1.0,1
Castano Primo,0.2469563671909713,2016,1.0,1
Cernusco sul Naviglio,0.2426543712141759,2016,0.0,1
Cerro Maggiore,0.2570493948315341,2016,2.0,1
Cerro al Lambro,0.2615782150665872,2016,2.0,1
Cesano Boscone,0.2758957378162676,2016,4.0,1
Cesate,0.2432642670249628,2016,0.0,1
Cinisello Balsamo,0.2750808623513012,2016,4.0,1
Cisliano,0.2143303478441991,2016,3.0,0
Cologno Monzese,0.2733601354210749,2016,3.0,1
Colturano,0.2043373493975903,2016,4.0,0
Corbetta,0.2247857613711272,2016,2.0,0
Cormano,0.2525946426806365,2016,1.0,1
Cornaredo,0.2634355095541401,2016,2.0,1
Corsico,0.2857811859743605,2016,5.0,1
Cuggiono,0.2548707266266389,2016,1.0,1
Cusago,0.2115630596060373,2016,3.0,0
Cusano Milanino,0.3195842806105878,2016,8.0,1
Dairago,0.2126046438161428,2016,3.0,0
Dresano,0.2418086500655308,2016,0.0,1
Gaggiano,0.2506126085987971,2016,1.0,1
Garbagnate Milanese,0.2880574255216275,2016,5.0,1
Gessate,0.2090126811594203,2016,3.0,0
Gorgonzola,0.2451913444199559,2016,1.0,1
Grezzago,0.2068624216430221,2016,3.0,0
Gudo Visconti,0.2203907203907203,2016,2.0,0
Inveruno,0.2752507581059015,2016,4.0,1
Inzago,0.2312808988764045,2016,1.0,0
Lacchiarella,0.2570624648283624,2016,2.0,1
Lainate,0.2629008114708894,2016,2.0,1
Legnano,0.2518759043036441,2016,1.0,1
Liscate,0.2170809746492739,2016,2.0,0
Locate di Triulzi,0.2400552758858948,2016,0.0,1
Magenta,0.2711152589827345,2016,3.0,1
Magnago,0.2485705038299708,2016,1.0,1
Marcallo con Casone,0.2370772176132737,2016,0.0,0
Masate,0.2286367533581023,2016,1.0,0
Mediglia,0.235972775564409,2016,0.0,0
Melegnano,0.2613976611490876,2016,2.0,1
Melzo,0.2687479884132603,2016,3.0,1
Mesero,0.2426364075325929,2016,0.0,1
Morimondo,0.2368655387355298,2016,0.0,0
Motta Visconti,0.2508978963571062,2016,1.0,1
Nerviano,0.2723248092270053,2016,3.0,1
Nosate,0.2767203513909224,2016,4.0,1
Novate Milanese,0.2877061469265367,2016,5.0,1
Noviglio,0.2142049310110834,2016,3.0,0
Opera,0.2823981666297036,2016,4.0,1
Ossona,0.2543488481429243,2016,1.0,1
Ozzero,0.2696177062374245,2016,3.0,1
Paderno Dugnano,0.2625066214641381,2016,2.0,1
Pantigliate,0.2584573748308525,2016,2.0,1
Parabiago,0.2528983941816087,2016,1.0,1
Paullo,0.2552929807607836,2016,2.0,1
Pero,0.2611857853065734,2016,2.0,1
Peschiera Borromeo,0.23877786811588,2016,0.0,0
Pessano con Bornago,0.2314367311072056,2016,1.0,0
Pieve Emanuele,0.2389087200407955,2016,0.0,0
Pioltello,0.2288715931905063,2016,1.0,0
Pogliano Milanese,0.2616620697925411,2016,2.0,1
Pozzo d'Adda,0.2053219448094612,2016,3.0,0
Pozzuolo Martesana,0.2468059701492537,2016,1.0,1
Pregnana Milanese,0.2644224053638776,2016,2.0,1
Rescaldina,0.2776282232927174,2016,4.0,1
Rho,0.282273660705385,2016,4.0,1
Robecchetto con Induno,0.2669952762374204,2016,3.0,1
Robecco sul Naviglio,0.2500737680731779,2016,1.0,1
Rodano,0.2169974115616911,2016,2.0,0
Rosate,0.2517667844522968,2016,1.0,1
Rozzano,0.2566189987346909,2016,2.0,1
San Donato Milanese,0.263598717190273,2016,2.0,1
San Giorgio su Legnano,0.2616918340419293,2016,2.0,1
San Giuliano Milanese,0.2482878516489305,2016,1.0,1
San Vittore Olona,0.2508050089445438,2016,1.0,1
San Zenone al Lambro,0.217124687712923,2016,2.0,0
Santo Stefano Ticino,0.2333733974358974,2016,1.0,0
Sedriano,0.2370909699556448,2016,0.0,0
Segrate,0.2492721874729772,2016,1.0,1
Senago,0.2530492014544115,2016,1.0,1
Sesto San Giovanni,0.2707199330065762,2016,3.0,1
Settala,0.2317666126418152,2016,1.0,0
Settimo Milanese,0.2429461526771693,2016,0.0,1
Solaro,0.2425126271608451,2016,0.0,1
Trezzano Rosa,0.2042820663916715,2016,4.0,0
Trezzano sul Naviglio,0.2485301204819277,2016,1.0,1
Trezzo sull'Adda,0.2716670861649467,2016,3.0,1
Tribiano,0.1978114478114478,2016,4.0,0
Truccazzano,0.2310536044362292,2016,1.0,0
Turbigo,0.2709881640517478,2016,3.0,1
Vanzaghello,0.2749026154702281,2016,3.0,1
Vanzago,0.2331408650179758,2016,1.0,0
Vaprio d'Adda,0.2122674017918676,2016,3.0,0
Vermezzo con Zelo,0.1967385586533403,2016,4.0,0
Vernate,0.2095754290876242,2016,3.0,0
Vignate,0.2373410902822667,2016,0.0,0
Villa Cortese,0.2575148689921234,2016,2.0,1
Vimodrone,0.2427264679846562,2016,0.0,1
Vittuone,0.2395774167897307,2016,0.0,0
Vizzolo Predabissi,0.2699261522790934,2016,3.0,1
Zibido San Giacomo,0.2133550488599348,2016,3.0,0
San Siro Baggio Trenno,0.2435200185142328,2016,0.0,1
Barona Lorenteggio,0.2544574511468702,2016,1.0,1
Centro Storico,0.1930401339867254,2016,5.0,0
Città Studi Lambrate,0.2279146304269187,2016,1.0,0
Fiera Gallaratese Quarto Oggiaro,0.2462439535150051,2016,1.0,1
Stazione Centrale Bicocca,0.2064890923815657,2016,3.0,0
Stazione Garibaldi Niguarda,0.2241474325726141,2016,2.0,0
Vigentino Chiaravalle Gratosoglio,0.2368473984439742,2016,0.0,0
Vittoria Forlanini,0.2344356132880122,2016,1.0,0
